{
    "cuda": {
        "UnfiltBackproj3DForLoop": {
            "k=64_bt=32_br=4_bc=4": [
                0.1111769350245595
            ],
            "k=64_bt=64_br=4_bc=4": [
                0.052040294045582414
            ],
            "k=64_bt=128_br=4_bc=4": [
                0.025417163036763668
            ],
            "k=64_bt=256_br=4_bc=4": [
                0.013145224889740348
            ],
            "k=64_bt=512_br=4_bc=4": [
                0.009484336944296956
            ],
            "k=64_bt=1024_br=4_bc=4": [
                0.008594232145696878,
                0.00862546800635755,
                0.00864185206592083
            ],
            "k=32_bt=1024_br=4_bc=4": [
                0.005215256940573454
            ],
            "k=128_bt=1024_br=4_bc=4": [
                0.01597300497815013
            ],
            "k=256_bt=1024_br=4_bc=4": [
                0.030672527151182294
            ],
            "k=512_bt=1024_br=4_bc=4": [
                0.06019278313033283
            ],
            "k=64_bt=1024_br=1_bc=1": [
                0.05098931607790291
            ],
            "k=64_bt=1024_br=2_bc=2": [
                0.015091863926500082
            ],
            "k=64_bt=1024_br=8_bc=8": [
                0.00951132201589644
            ]
        },
        "UnfiltBackproj3DTransposeConv": {
            "k=64_bt=32_br=4_bc=4": [
                0.007682789815589786
            ],
            "k=64_bt=64_br=4_bc=4": [
                0.001076076878234744
            ],
            "k=64_bt=128_br=4_bc=4": [
                0.0010175451170653105
            ],
            "k=64_bt=256_br=4_bc=4": [
                0.0010075289756059647
            ],
            "k=64_bt=512_br=4_bc=4": [
                0.0009249141439795494
            ],
            "k=64_bt=1024_br=4_bc=4": [
                0.0009108989033848047,
                0.0009084369521588087,
                0.0009123878553509712
            ],
            "k=32_bt=1024_br=4_bc=4": [
                0.0009946650825440884
            ],
            "k=128_bt=1024_br=4_bc=4": [
                0.0009430500213056803
            ],
            "k=256_bt=1024_br=4_bc=4": [
                0.00106894806958735
            ],
            "k=512_bt=1024_br=4_bc=4": [
                0.001227756030857563
            ],
            "k=64_bt=1024_br=1_bc=1": [
                0.003525594947859645
            ],
            "k=64_bt=1024_br=2_bc=2": [
                0.0009687170386314392
            ],
            "k=64_bt=1024_br=8_bc=8": [
                0.0009367989841848612
            ]
        },
        "UnfiltBackproj3DBatch": {
            "k=64_bt=32_br=4_bc=4": [
                0.021454045781865716
            ],
            "k=64_bt=64_br=4_bc=4": [
                0.01702968985773623
            ],
            "k=64_bt=128_br=4_bc=4": [
                0.017026473069563508
            ],
            "k=64_bt=256_br=4_bc=4": [
                0.017006342066451907
            ],
            "k=64_bt=512_br=4_bc=4": [
                0.01701766694895923
            ],
            "k=64_bt=1024_br=4_bc=4": [
                0.016584064112976193,
                0.017726281890645623,
                0.01655854401178658
            ],
            "k=32_bt=1024_br=4_bc=4": [
                0.009494863916188478
            ],
            "k=128_bt=1024_br=4_bc=4": [
                0.034935143077746034
            ],
            "k=256_bt=1024_br=4_bc=4": [
                0.29382122308015823
            ],
            "k=512_bt=1024_br=4_bc=4": [
                -1
            ],
            "k=64_bt=1024_br=1_bc=1": [
                0.018290854059159756
            ],
            "k=64_bt=1024_br=2_bc=2": [
                0.01655753795057535
            ],
            "k=64_bt=1024_br=8_bc=8": [
                0.016559349140152335
            ]
        },
        "UnfiltBackproj3DSeparable1D2DForLoop_t1st": {
            "k=64_bt=32_br=4_bc=4": [
                0.1558521690312773
            ],
            "k=64_bt=64_br=4_bc=4": [
                0.06775290006771684
            ],
            "k=64_bt=128_br=4_bc=4": [
                0.034054073970764875
            ],
            "k=64_bt=256_br=4_bc=4": [
                0.01691472204402089
            ],
            "k=64_bt=512_br=4_bc=4": [
                0.010538301197811961
            ],
            "k=64_bt=1024_br=4_bc=4": [
                0.010320819914340973,
                0.0104209971614182,
                0.010350836906582117
            ],
            "k=32_bt=1024_br=4_bc=4": [
                0.006910333875566721
            ],
            "k=128_bt=1024_br=4_bc=4": [
                0.019213519990444183
            ],
            "k=256_bt=1024_br=4_bc=4": [
                0.03342663403600454
            ],
            "k=512_bt=1024_br=4_bc=4": [
                0.06194203603081405
            ],
            "k=64_bt=1024_br=1_bc=1": [
                0.1707943610381335
            ],
            "k=64_bt=1024_br=2_bc=2": [
                0.015933221904560924
            ],
            "k=64_bt=1024_br=8_bc=8": [
                0.014180183177813888
            ]
        },
        "UnfiltBackproj3DSeparable1D2DForLoop_xy1st": {
            "k=64_bt=32_br=4_bc=4": [
                0.14178922399878502
            ],
            "k=64_bt=64_br=4_bc=4": [
                0.06923784106038511
            ],
            "k=64_bt=128_br=4_bc=4": [
                0.0327079389244318
            ],
            "k=64_bt=256_br=4_bc=4": [
                0.017126640770584345
            ],
            "k=64_bt=512_br=4_bc=4": [
                0.010315745836123824
            ],
            "k=64_bt=1024_br=4_bc=4": [
                0.010048279073089361,
                0.010132140014320612,
                0.010167459957301617
            ],
            "k=32_bt=1024_br=4_bc=4": [
                0.00576417101547122
            ],
            "k=128_bt=1024_br=4_bc=4": [
                0.018717276165261865
            ],
            "k=256_bt=1024_br=4_bc=4": [
                0.03159075905568898
            ],
            "k=512_bt=1024_br=4_bc=4": [
                0.05938276695087552
            ],
            "k=64_bt=1024_br=1_bc=1": [
                0.07076114695519209
            ],
            "k=64_bt=1024_br=2_bc=2": [
                0.016241137171164155
            ],
            "k=64_bt=1024_br=8_bc=8": [
                0.01414486300200224
            ]
        },
        "UnfiltBackproj3DSeparable1D2DTransposeConv_t1st": {
            "k=64_bt=32_br=4_bc=4": [
                0.008582731010392308
            ],
            "k=64_bt=64_br=4_bc=4": [
                0.0032400689087808132
            ],
            "k=64_bt=128_br=4_bc=4": [
                0.003119074972346425
            ],
            "k=64_bt=256_br=4_bc=4": [
                0.003111721947789192
            ],
            "k=64_bt=512_br=4_bc=4": [
                0.002825905103236437
            ],
            "k=64_bt=1024_br=4_bc=4": [
                0.0028099201153963804,
                0.0028012909460812807,
                0.0028284580912441015
            ],
            "k=32_bt=1024_br=4_bc=4": [
                0.0021466019097715616
            ],
            "k=128_bt=1024_br=4_bc=4": [
                0.004092330113053322
            ],
            "k=256_bt=1024_br=4_bc=4": [
                0.0058869230560958385
            ],
            "k=512_bt=1024_br=4_bc=4": [
                0.010455191135406494
            ],
            "k=64_bt=1024_br=1_bc=1": [
                0.024944987846538424
            ],
            "k=64_bt=1024_br=2_bc=2": [
                0.07876035617664456
            ],
            "k=64_bt=1024_br=8_bc=8": [
                0.8115715140011162
            ]
        },