{
    "cuda": {},
    "cpu": {
        "UnfiltBackproj3DForLoop": [
            0.03323703099886188,
            0.03339609000249766
        ],
        "UnfiltBackproj3DTransposeConv": [
            0.00662581199867418
        ],
        "UnfiltBackproj3DBatch": [
            0.029196985000453424
        ]
    }
}